<?xml version='1.0'?>
<home version='6500' exportFlags='17' name='Wall-FrontBack Left Corner-9ft.sh3d' camera='topCamera' wallHeight='243.84'>
  <environment groundColor='FFFFFFFF' skyColor='FFFFFFFF' lightColor='00D0D0D0'/>
  <observerCamera attribute='observerCamera' lens='PINHOLE' x='50.0' y='50.0' z='170.0' yaw='5.4977875' pitch='0.19634955' fieldOfView='1.0995575' time='1630584000000'/>
  <camera attribute='topCamera' lens='PINHOLE' x='-213.75938' y='-493.986' z='442.6271' yaw='5.7815914' pitch='0.46999997' fieldOfView='1.0995575' time='1630584000000'/>
  <furnitureGroup name='wall48-9ft-left corner-frame' x='60.960007' y='6.9850006' elevation='2.54' width='121.92001' depth='13.969999' height='273.3675'>
    <pieceOfFurniture catalogId='eTeks#texturableBox' name='2x6 bottom plate' creator='eTeks' model='1/texturableBox.obj' x='60.960007' y='6.9850006' elevation='2.54' width='121.92' depth='13.969999' height='3.81' modelSize='1661'>
      <texture name='Pine' creator='Emmanuel Puybaret' width='40.0' height='80.0' image='2'/>
    </pieceOfFurniture>
    <pieceOfFurniture catalogId='eTeks#texturableBox' name='2x6 stud' creator='eTeks' model='1/texturableBox.obj' x='1.9049988' y='6.9850006' elevation='6.35' width='3.81' depth='13.969999' height='265.7475' modelSize='1661'>
      <texture name='Old wood' creator='Emmanuel Puybaret' catalogId='Puybaret#oldWood' width='40.0' height='80.0' image='3'/>
    </pieceOfFurniture>
    <pieceOfFurniture catalogId='eTeks#texturableBox' name='2x4 nailing board' creator='eTeks' model='1/texturableBox.obj' x='8.254999' y='1.9050007' elevation='6.35' width='8.889999' depth='3.81' height='265.7475' modelSize='1661'>
      <texture name='Birch' creator='Emmanuel Puybaret' width='40.0' height='80.0' image='4'/>
    </pieceOfFurniture>
    <pieceOfFurniture catalogId='eTeks#texturableBox' name='2x6 stud' creator='eTeks' model='1/texturableBox.obj' x='14.604999' y='6.9850006' elevation='6.35' width='3.81' depth='13.969999' height='265.7475' modelSize='1661'>
      <texture name='Old wood' creator='Emmanuel Puybaret' catalogId='Puybaret#oldWood' width='40.0' height='80.0' image='3'/>
    </pieceOfFurniture>
    <pieceOfFurniture catalogId='eTeks#texturableBox' name='2x6 stud' creator='eTeks' model='1/texturableBox.obj' x='60.960007' y='6.9850006' elevation='6.35' width='3.81' depth='13.969999' height='265.7475' modelSize='1661'>
      <texture name='Old wood' creator='Emmanuel Puybaret' catalogId='Puybaret#oldWood' width='40.0' height='80.0' image='3'/>
    </pieceOfFurniture>
    <pieceOfFurniture catalogId='eTeks#texturableBox' name='2x6 stud' creator='eTeks' model='1/texturableBox.obj' x='120.015015' y='6.9850006' elevation='6.35' width='3.81' depth='13.969999' height='265.7475' modelSize='1661'>
      <texture name='Old wood' creator='Emmanuel Puybaret' catalogId='Puybaret#oldWood' width='40.0' height='80.0' image='3'/>
    </pieceOfFurniture>
    <pieceOfFurniture catalogId='eTeks#texturableBox' name='2x6 top plate' creator='eTeks' model='1/texturableBox.obj' x='60.960007' y='6.9850006' elevation='272.0975' width='121.92' depth='13.969999' height='3.81' modelSize='1661'>
      <texture name='Pine' creator='Emmanuel Puybaret' width='40.0' height='80.0' image='2'/>
    </pieceOfFurniture>
  </furnitureGroup>
  <furnitureGroup name='wall48-9ft-left corner-sheathing' x='60.0075' y='6.9849997' width='120.015' depth='16.51' height='304.8'>
    <pieceOfFurniture catalogId='eTeks#texturableBox' name='7/16&quot; osb' creator='eTeks' model='1/texturableBox.obj' x='60.0075' y='14.605' width='120.015' depth='1.27' height='304.8' modelSize='1661'>
      <texture name='Old brown wooden floor' creator='Scopia' width='100.0' height='100.0' angle='1.5707964' image='5'/>
    </pieceOfFurniture>
    <furnitureGroup name='tabs' x='68.2625' y='-0.6350002' width='103.505005' depth='1.27' height='278.4475'>
      <furnitureGroup name='female tabs' x='24.129997' y='-0.6350002' width='15.24' depth='1.27' height='278.4475'>
        <pieceOfFurniture catalogId='eTeks#texturableBox' name='tab' creator='eTeks' model='1/texturableBox.obj' x='24.129997' y='-0.6350002' elevation='268.2875' width='15.24' depth='1.27' height='10.16' modelSize='1661'>
          <texture name='Wooden floor' creator='Scopia' width='60.0' height='60.0' image='6'/>
        </pieceOfFurniture>
        <pieceOfFurniture catalogId='eTeks#texturableBox' name='tab' creator='eTeks' model='1/texturableBox.obj' x='24.129997' y='-0.6350002' width='15.24' depth='1.27' height='10.16' modelSize='1661'>
          <texture name='Wooden floor' creator='Scopia' width='60.0' height='60.0' image='6'/>
        </pieceOfFurniture>
      </furnitureGroup>
      <furnitureGroup name='male tabs' x='114.935' y='-0.6350002' width='10.160004' depth='1.27' height='278.44748'>
        <pieceOfFurniture catalogId='eTeks#texturableBox' name='tab' creator='eTeks' model='1/texturableBox.obj' x='114.935' y='-0.6350002' elevation='263.2075' width='10.16' depth='1.27' height='15.24' modelSize='1661'>
          <texture name='Wooden floor' creator='Scopia' width='60.0' height='60.0' image='6'/>
        </pieceOfFurniture>
        <pieceOfFurniture catalogId='eTeks#texturableBox' name='tab' creator='eTeks' model='1/texturableBox.obj' x='114.935' y='-0.6350002' width='10.16' depth='1.27' height='15.24' modelSize='1661'>
          <texture name='Wooden floor' creator='Scopia' width='60.0' height='60.0' image='6'/>
        </pieceOfFurniture>
      </furnitureGroup>
    </furnitureGroup>
  </furnitureGroup>
</home>